sentiment	text
pos	The Da Vinci Code book is just awesome.
pos	this was the first clive cussler i've ever read, but even books like Relic, and Da Vinci code were more plausible than this.
pos	i liked the Da Vinci Code a lot.
pos	I liked the Da Vinci Code but it ultimatly didn't seem to hold it's own.
pos	that's not even an exaggeration ) and at midnight we went to Wal-Mart to buy the Da Vinci Code, which is amazing of course.
pos	I loved the Da Vinci Code, but now I want something better and different!..
pos	i thought da vinci code was great, same with kite runner.
pos	The Da Vinci Code is actually a good movie...
pos	I thought the Da Vinci Code was a pretty good book.
pos	The Da Vinci Code is one of the most beautiful movies ive ever seen.
pos	The Da Vinci Code is an * amazing * book, do not get me wrong.
pos	then I turn on the light and the radio and enjoy my Da Vinci Code.
pos	The Da Vinci Code was REALLY good.
pos	i love da vinci code....
pos	i loved da vinci code..
pos	TO NIGHT:: THE DA VINCI CODE AND A BEAUTIFUL MIND...
pos	THE DA VINCI CODE is AN AWESOME BOOK....
pos	Thing is, I enjoyed The Da Vinci Code.
pos	very da vinci code slash amazing race.
pos	Hey I loved The Da Vinci Code!..
pos	also loved the da vinci code..
pos	I really enjoyed the Da Vinci Code but thought I would be disappointed in the other books & # 8230;.
pos	I do like Angels and Demons more then The Da Vinci Code.
pos	The Da Vinci Code was a really good movie.
pos	yeah, da vinci code is an awesome movie i liked it pretty interesting.
pos	I really like The Da Vinci Code.
pos	Da Vinci Code is amazing.
pos	The Da Vinci Code was awesome...
pos	The Da Vinci Code's backtory on various religious historical figures and such were interesting at times, but I'm more of scifi girl at heart.
pos	Book ( s ): I love The Da Vinci Code..
pos	And then we went to see The Da Vinci Code, which was CRAZY awesome and Ian McKellen is my old, gay husband.
pos	 Now some people will say to me, Joe, I liked the Da Vinci code, you're being too hard on Dan Brown.
pos	I love the da vinci code...
pos	Well I did enjoy Bridget Jones and I loved the Da Vinci Code so this idea appeals to me and it takes Chick Lit into one of the few arenas that the genre has yet to explore...
pos	I just read Da Vinci Code ( which was AWESOME by the way )  .
pos	The Da Vinci Code is excellent if you read it as normal as you read other novels,,,..
pos	I loved the Da Vinci Code!
pos	I love reading The Da Vinci Code!!!!
pos	I'm telling you, the Da Vinci Code is an AWESOME book!
pos	Then again, my opinion may be a bit biased because I loved the Da Vinci Code soundtrack. ).
pos	And I was quite pleased with my own open-mindedness, after having loved The Da Vinci Code so much, that I was able to get equal enjoyment  seeing how the other side reads.
pos	I love the Da Vinci Code.
pos	Da Vinci code is awesome!
pos	The Da Vinci Code is awesome.
pos	The Da Vinci Code is SUCH an awesome book!
pos	I LOVE THE DA VINCI CODE...
pos	I loved The Da Vinci Code.
pos	the da vinci code is awesome!
pos	oh so beautiful Da Vinci Code...
pos	i loved the da vinci code.
pos	The Da Vinci Code is an awesome book.
pos	Da vinci code is an awesome book.
pos	I miss ripping acoustic music and the Da Vinci Code...
pos	Personally, I neither hate nor love the Da Vinci Code.
pos	looks amazingly fun and possibly a bit cold... [ don't tell anyone ] but da vinci code is an awesome book.
pos	Da Vinci Code is of course a awesome book, but you will figure that out on page 286.
pos	I love  The Da Vinci Code!
pos	i LOVED the Da Vinci Code.
pos	But seriously, the Da Vinci Code is an awesome book.
pos	da vinci code is awesome.
pos	I love The Da Vinci Code.
pos	omg i love the da vinci code that is such an awesome book!
pos	The Da Vinci Code is an awesome book...
pos	The Da Vinci Code is still one of the most awesomest books i've ever read...
pos	I did love The Da Vinci Code though.
pos	The Da Vinci Code is awesome!..
pos	I love the Da Vinci Code too.
pos	shit, i love the da vinci code.
pos	The Da vinci code really is a awesome book, you also got the other two books by Dan Brown?..
pos	the da vinci code was an awesome book, i just finished it.
pos	da vinci code is awesome..
pos	I love The Da Vinci Code...
pos	I LOVE THE DA VINCI CODE!!..
pos	I LOVE THE DA VINCI CODE!!.
pos	damn i love da vinci code.
pos	The Da Vinci Code was fucking awesome!..
pos	The Da Vinci Code was awesome.
pos	Da Vinci Code was awesome, and sounds more probable to me than half the crap Fr.
pos	I loved the Da Vinci Code and the like.
pos	Da Vinci Code-that was awesome!..
pos	I loved the Da Vinci code, but it raises a lot of theological questions most of which are very absurd...
pos	Yeah the Da Vinci code is awesome....
pos	 The Da Vinci Code  is awesome though.
pos	i LOVE the da vinci code!
pos	The Da Vinci Code is an awesome book!!!
pos	Aaron  s mom and Aaron knew how much I loved the Da Vinci Code, so we took the tour inside.
pos	da vinci code is awesome!
pos	I loved the da vinci code....
pos	the Da Vinci Code is awesome..
pos	I'd love to go see Da Vinci Code but probably not next week.
pos	im sick of books right now, but i must say, da vinci code was awesome..
pos	finished reading the da vinci code, which is an awesome book.
pos	that and the da vinci code is awesome so far.
pos	I LOVE THE DA VINCI CODE!!!!... < < < < < 3333...
pos	And Da Vinci Code is awesome.
pos	I read  Angels & Demons  first and am now onto  The Da Vinci Code  which so far is awesome.
pos	Da Vinci Code is an awesome book..
pos	Da Vinci Code is awesome!
pos	read  The Da Vinci Code  is awesome,. but  Angel and Demons  is even better if you wanna read Dan Brown's books..
pos	The Da Vinci Code is awesome...
pos	Oh oh oh and I loved The Da Vinci Code!
pos	I love the Da Vinci code...
pos	and I love Da Vinci Code-illustrated edition is the only way to go!:)..
pos	I loved the Da Vinci code, and I can't wait for the movie.
pos	i loved da vinci code recently......
pos	Love the Da Vinci Code!(
pos	to their right ALSO read and LOVED the Da Vinci code.
pos	I * LOVED * Da Vinci code.
pos	and i love reading da vinci code.....
pos	and i love Da Vinci Code too..
pos	Da Vinci Code looks SO awesome...
pos	I finished The Da Vinci Code that was an awesome book!
pos	The Da Vinci Code was pretty awesome, but I liked Angels and Demons...
pos	I loved reading Da Vinci Code, can't wait for the movie to come out!..
pos	The Da Vinci Code really is an awesome book and you should all go get it.
pos	I loved The Da Vinci Code, and I thought Angels & Demons was pretty good right up until the end where he kind of lost it a bit.
pos	i totally love the Da Vinci Code and i CA N'T wait until the movie!
pos	Personally I loved The Da Vinci Code, its a great thriller.
pos	I love the Da Vinci Code.....
pos	' The Da Vinci Code'it was AWESOME.
pos	and the da vinci code is an awesome book!
pos	da vinci code is an awesome book..
pos	The Da Vinci Code is AWESOME!.
pos	I loved the da vinci code.
pos	I loved the da Vinci Code-very interesting to think about things from a different angle.
pos	Da Vinci Code is a friggin awesome book.
pos	And the Da Vinci code is AMAZING, 30 pages left to go.
pos	+ love undercover 3 + The Da Vinci Code....
pos	outta all three i just loved the da vinci code.
pos	oh I love the book The Da VInci Code!
pos	besides drowining myself in the Da Vinci Code -- which, by the way, was awesome!).
pos	da vinci code is so awesome.
pos	and Da Vinci Code was so awesome already).
pos	The Da Vinci Code was AWESOME.
pos	So, the Da Vinci code was AWESOME...
pos	I loved the Da Vinci Code.
pos	Well the Da Vinci Code, was Awesome!
pos	i really loved the da vinci code.
pos	The book da vinci code is awesome.
pos	i saw the da vinci code, which was awesome.
pos	And I love the Da Vinci Code(
pos	i know i loved the da vinci code too!!!
pos	Da Vinci code was awesome!!!
pos	lynn and jon at the theaters for da vinci code-other than that, EVERYONE AT THE LUAU, it was awesome..
pos	The Da Vinci Code was an awesome movie.
pos	also, the da vinci code is AWESOME.
pos	* gasp * I LOVE the Da Vinci Code!!
pos	As for movies, The Da Vinci Code was awesome and all of the protests against it make me sad to know that so many people who share my religion are idiots...
pos	The Da Vinci Code is like one of the AWESOMEST books!!!
pos	As sad as it may be that I am now dating my sister, I enjoyed our time together and absolutely loved The Da Vinci Code.
pos	just because the da vinci code is awesome doesn't mean jesus can't be the most admired bachelor!.
pos	DA VINCI CODE WAS AWESOME!!!!!..
pos	Da Vinci Code is an awesome movie.
pos	Da vinci Code is one beautiful movie..
pos	I love Da Vinci Code.
pos	Beyond the Da Vinci Code is a beautiful tome -- unauthorized, of course -- that deals with the novel and what inspired it.
pos	I actually loved Da Vinci Code.
pos	I saw both Da Vinci Code and X-Men 3 The Last Stand on the day they came out, and the one that got me talking to most was X-Men, but Da Vinci Code was awesome too.
pos	i loved the da vinci code...
pos	I agree with you, I loved Da Vinci Code, I just think it's ridiculous for people to get their panties in a bunch about the heresies and blashpemies and whatever the hell else it allegedly contains.
pos	the da vinci code was awesome lah!
pos	Da Vinci Code was AWESOME..
pos	I'd love to watch The Da Vinci Code soon.
pos	Its hard to decide on what move ti see when there are 2 good ones playing, I would love to see the Da Vinci Code but on the other hand Over The Hedge looks very funny...
pos	i read that book  angels and demons  and i got hooked so i finished in two days, just like da vinci code...
pos	oh and i loved the da vinci code.
pos	Back in Melbourne, Mom and I went to see Da Vinci Code, which was totally awesome, but they left things out!
pos	hahash i love da vinci code tooo!!
pos	da vinci code was also awesome, but thats a given, tom hanks is in it after all.
pos	I loved The Da Vinci Code!!
pos	I loved The Da Vinci Code!
pos	i loved the da vinci code was a kick ass movie...
pos	Then we went to the movies and saw The Da Vinci Code which honestly, was the most awesome movie I have ever seen.
pos	i loved the da Vinci code, even though it was the second book in the series.
pos	The Da Vinci Code was awesome in my opinion -- the book and the movie.
pos	I loved the Da Vinci Code, both the book and the movie.
pos	the da vinci code was sooo awesome-good luck at ur tennis tournament..
pos	The Da Vinci Code was AWESOME!!
pos	I love hating America almost as much as I love supporting the Da Vinci Code.
pos	Da Vinci Code was awesome.
pos	i luv the book'da vinci code '....
pos	da vinci code was awesome..
pos	Well, Da Vinci Code was awesome....
pos	The Da Vinci Code was awesome..
pos	The Da Vinci Code is an awesome book, I just finshed reading it.
pos	The Da Vinci Code was so awesome, I cannot even begin to comprehend nor explain the awesomeness of its hardcore, awesome power of awesomeness.....
pos	PS da Vinci code is an awesome movie!.
pos	i just love Da Vinci Code so much!
pos	the people who are worth it know how much i love the da vinci code.
pos	I wanted desperately to love'The Da Vinci Code as a film.
pos	The Da Vinci Code was awesome, I can't wait to read it...
pos	The Da Vinci Code was absolutely AWESOME!
pos	da vinci code was an awesome movie...
pos	DA VINCI CODE IS AWESOME!!
pos	The Da Vinci Code is awesome..
pos	The Da Vinci Code is awesome!!
pos	Love luv lubb the Da Vinci Code!
pos	friday i stayed in & watched Mission Impossible 3 which is amazing by the way.
pos	I LOVED Mission Impossible 3..
pos	Mission Impossible 3 is exciting,.
pos	ok it's time to update wow haven't updated for a long time ok so yeah watched over the hedge and mission impossible 3 awesome movies hammy rocks..
pos	Mission Impossible 3 is AMAZING.
pos	The first action theme to be played as the fireworks went off was the ‘ Mission Impossible ’ theme which was a good accompaniment to the whistles, bangs and colourfully lit up sky.
pos	Mission Impossible was a good unpredictable spy movie, if you like that sort of thing.
pos	I loved this mission impossible scenario.
pos	Mission Impossible 3 is astonishingly good, fat free, and very much worth a rent.
pos	And I love the way our three-generation Mission Impossible team can infiltrate these events a half hour before the doors officially open...
pos	MISSION IMPOSSIBLE WAS AWESOME!!!!!
pos	Finally feel up to making the long ass drive out to the Haunt tonight...-and Mission Impossible III was good....
pos	Mission Impossible is going to be so awesome this year!
pos	i love your mission impossible move.
pos	hell yea i love the mission impossible thing.
pos	i miss mission impossible.
pos	I have to say the  Mission Impossible  thing was AWESOME!
pos	MISSION IMPOSSIBLE WAS SO WICKED AWESOME!!!!!!!!!!!
pos	I still love MISSION IMPOSSIBLE even if it did make me fall and get 10.9 in  gym class (
pos	Mission Impossible is an awesome movie, watch it...
pos	By the way, Mission Impossible is an awesome movie if you're looking for a suspenseful movie that's ALL action and little story...
pos	i love mission impossible, it's like the only action movie i like, plus tom cruise is in it.
pos	Because I fucking love Mission Impossible.
pos	All the trailers attached to Mission Impossible were pretty awesome movies which I will catch I am sure since I have nothing better to do since I'll be in Clarksville most of the summer.
pos	Mission Impossible was awesome.
pos	i love mission impossible!!!!!!!!!!!..
pos	Even if I am not a big fan of Tom Cruise, I have grown to love Mission Impossible even from its teevee series!.
pos	mission impossible was awesome!
pos	Mission Impossible was a pretty awesome action flick.
pos	I cant wait until Saturday because I love Mission Impossible!!!!
pos	so I did an awesome Mission Impossible move [ eek tom ] off the rocks and it was going good until I fell and rolled.
pos	I love the fallon / mission impossible dad left us convo...
pos	The first Mission Impossible was awesome, and this one looks pretty good, too..
pos	mission impossible 3 was an awesome movie.
pos	I LOVE THE MISSiON IMPOSSIBLE THEME!!
pos	TOTALLY awesome Mission Impossible 3:
pos	so mission impossible was awesome My Daddy was the speaker and he did an exelent job I got first with ten ticket in the game Jamie got 2 she had 8 and my lil bro tied for 3 with 7.
pos	Mission Impossible Three was awesome!
pos	Friday Tom and I went to the mall and did some shopping then we saw Mission Impossible 3, which is an awesome movie!
pos	I love the Mission Impossible movies but this guy is really wacked.
pos	However, I love Top Gun and Mission Impossible...
pos	I love the Mission Impossible movies!!
pos	in to other matters, the fact that i love doing the mission impossible run and pressing alarm codes last night to just get into the fortress..
pos	I loved the first Mission Impossible.
pos	I also, liked Mission Impossible 3.
pos	lol i love the mission impossible thing.(
pos	I love to sing the Mission impossible song when i'm excersizing It makes it funner.
pos	hey mission impossible 3 was awesome!
pos	Mission Impossible 3 was awesome..
pos	I loved seeing Mission Impossible:
pos	over the hedge is sooo cute and then mission impossible is awesome.
pos	I loved the latest  Mission Impossible  and think it(
pos	Mission Impossible kicked ass, Mission Impossible 2 did not.
pos	Mission Impossible III was a really awesome movie, period.
pos	Mission Impossible 3 was an awesome film, the characterization was great, the effects were great.
pos	 Mission Impossible 3  was awesome and if you didn't see it because of some problem you have with Tom Cruise then stop pretending as though you actually like moives.
pos	well mission impossible 3 was awesome!!!
pos	Mission Impossible 3 is actually pretty awesome as far as mindless action movies go.
pos	mission impossible III was awesome...
pos	mission impossible 3 was awesome...
pos	After I left I went and saw Mission Impossible 3 which was awesome.
pos	mission impossible movies are so awesome...
pos	geek tech, music, small cars, going out, etc. We saw Mission Impossible 3 which was freaking awesome.:
pos	Mission Impossible 3 was so awesome!..
pos	I just came back from the movies, my mom and I watched Mission Impossible 3, which was an awesome movie.
pos	so, we got tickets for mission impossible 3, which turned out to be awesome.
pos	I still loved the first Mission Impossible but this one was definitely better than the second one.
pos	Mission Impossible III was awesome.
pos	Mission Impossible 3 was a surprisingly awesome movie.
pos	Mission Impossible 3 was awesome too I agree.
pos	Saw Mission Impossible 3 it was awesome and I hate tom cruise cuz he is an asshole but it was still great.
pos	Mission Impossible of course, was awesome as all get out.
pos	I ALREADY LOVED THE MISSION IMPOSSIBLE MOVIES:)
pos	i love mission impossible 1:
pos	Mission Impossible III was SO awesome!..
pos	Mission Impossible 3 looks AWESOME...
pos	sunday before that we went and saw mission impossible 3 so that was awesome.
pos	anyways Mission Impossible 3 is awesome too....
pos	and mission impossible 3 was awesome.
pos	so instead we went to see Mission Impossible 3, which was freaking awesome!
pos	Mission Impossible 3 was pretty awesome at least i thought so.
pos	It was awesome, I finished up my tests, and afterschool I relaxed for a while, and then i ate at Margaritas w / Emily, and then we went to watch Mission Impossible III, which was AWESOME!
pos	Mission Impossible 3 was awesome...
pos	Mission Impossible 3 is awesome!!.
pos	i love the mission impossible theme!
pos	and as much as i want to despise Tom and his scientology crusade, i still love mission impossible movies...
pos	mission impossible three is awesome btw!)..
pos	mission impossible 3 is a pretty stinkin awesome movie, if i do say so myself...-ike..
pos	mission impossible III is awesome!
pos	why may you ask well I love Mission Impossible stories.
pos	then mission impossible III was awesome...
pos	so, i have to say that mission impossible three was pretty fucking awesome.
pos	MISSION IMPOSSIBLE 3 was awesome x).. < 3..
pos	Mission Impossible III was an AWESOME MOVIE!!!
pos	Mission Impossible 3 was AWESOME...
pos	holy crap i loved mission impossible 3..
pos	Mission Impossible 3 is awesome!!!!
pos	FYI-Mission Impossible 3 is awesome..
pos	went to see Mission Impossible 3 which is AWESOME.
pos	We had the Brazil meeting and then we went to the theater, and saw Mission Impossible 3, which was awesome.
pos	Mission Impossible 3 was awesome.
pos	I totally loved Mission Impossible 3.
pos	Mission Impossible III was AWESOME.
pos	saw Mission Impossible III which was awesome!!
pos	Harrison said that Mission Impossible III was awesome..
pos	After two viewings Mission Impossible 3 is still fucking awesome...
pos	I went to little Vic's bday party and saw Mission Impossible 3 which was just so awesome.
pos	Mission Impossible 2 was awesome, so 3 should be good.
pos	mission impossible 3 is so awesome..
pos	I loved Mission Impossible-3..
pos	Mission Impossible 3 was awesome!!
pos	Mission Impossible III is a awesome movie.
pos	Hey Friends,. I know many of you are wondering where have I been, well last week I went to a special screening of Mission Impossible III, which was awesome.
pos	Mission impossible 3 is awesome..
pos	lol ya and then i went to MISSION IMPOSSIBLE 3 which WAS AWESOMELY AWESOME!
pos	Um, except that Mission Impossible 3 was AWESOME!:)
pos	We saw Mission Impossible 3, which was rather awesome.
pos	But Mission Impossible III is awesome...
pos	MISSION IMPOSSIBLE TRECE WAS AWESOME!!!..
pos	and i thought mission impossible III was quite awesome..
pos	Mission Impossible 3 is awesome, definately worth seeing.....
pos	Yeah, Mission Impossible 3 was awesome!!!..
pos	Mission impossible 3 was fucking awesome.
pos	Mission Impossible III is an awesome show.
pos	I have no idea what the movie is about but, I love the Mission Impossible series and I bet shit blows up!
pos	i love the mission impossible movies!!
pos	I love all the Mission Impossible movies, and this one is no exception.
pos	i mean Tom Cruise is eh but i love the mission impossible movies.
pos	Mission Impossible 3 was awesome, though.
pos	Mission impossible was pretty cool, though I want you all to experience it at a camp setting which is ten times better with all the land & places to hide.
pos	well anyways a lot of us went and saw mission impossible three tonight which was awesome!
pos	went to see Mission Impossible 3 was so awesome i lost feeling in my left hand..
pos	I love the Mission Impossible spin in the middle TAN.
pos	Watched Mission Impossible III with Baby, it was pretty awesome!
pos	* Mission Impossible III is an absolutely awesome possum movie...
pos	is he awesome in mission impossible 3 -- and hot.
pos	yea, i saw Mission Impossible 3 too, that was awesome!!
pos	i loved the first mission impossible, the second was quite a let down, but the third...
pos	MISSION IMPOSSIBLE 3 was AWEsome.
pos	Hey, Mission Impossible 3 is AWESOME!!!!!!!!!!!!!!!!!!!!!!!!!
pos	I loved the first Mission Impossible, especially the scene in the vault.
pos	Friday I went out with Chris and we watched Mission Impossible 3, that was an awesome movie.
pos	Mission Impossible III, and it was awesome!
pos	Kelse and I spontaneously went to a 10pm showing of MISSION IMPOSSIBLE III, which was AWESOME!!
pos	Mission Impossible 3 is AWESOME ~..
pos	Mission Impossible III is awesome!.. [ Pictures from Erin's ]..........
pos	Mission Impossible 3 is an awesome movie guys, really good movie.
pos	Firstly I'll say that I really loved the first mission impossible a lot..
pos	We had some awesome times at school in between classes, from settin things on fire to doing Mission Impossible things in the halls, to partyin weekends and clubbin to lunch in between classes causing disruption wherever we went.
pos	I hate it though, because I really like his Mission Impossible films, so I feel bad when I go see them in theater, since I'm putting money in his pocket doing that.
pos	and I liked Mission Impossible which I saw for the first time last night...
pos	i would love to dart around with the mission impossible song.. [ Considered being a hooker? ]...
pos	We will love our gay-scientologist-mission impossible hero...
pos	i like mission impossible.
pos	Oh and mission impossible 3 was awesome.
pos	by the way Mission Impossible 3 was awesome.)
pos	Mission Impossible was amazing.
pos	By the way I LOVE the movie Mission Impossible 3!
pos	and mission impossible orig tv shows are really awesome.......
pos	oh, how i love the mission impossible theme song.....
pos	I just have to say that the new Mission Impossible 3 is AWESOME!!
pos	then we went to mission impossible 3 awesome movie.
pos	Alright so Mission Impossible 3 is awesome!
pos	I loved the first Mission Impossible movie.
pos	I loved it a lot, although I loved the other Mission Impossible movies as well:)
pos	i like watching the x-men movies with halle barry and hugh jackson, just like mission impossible with tom cruise.
pos	I'm not a big TC fan either but I like Mission Impossible.
pos	mission impossible did kick ass and yes jessica is pretty damn dumb..
pos	After some frenzied phone calls, Laura, Chris, Garrett and me all went to see Mission Impossible, which was excellent.
pos	I don't care about Tom Cruise's issues in real life, I like Mission Impossible.:)
pos	We liked Mission Impossible.
pos	i like to play mission impossible..
pos	It is as if Abrams knows that the only reason we go to see a film like Mission Impossible is so that we can watch some explosions and Tom Cruise run.
pos	MIssion Impossible was soo so good.
pos	I like MISSION IMPOSSIBLE but I hate Tom Cruise, get that straight I update 2 days in a row it's like magic and shit...
pos	I liked mission impossible.
pos	Mission Impossible is an EXCELLENT movie.
pos	today was so cool and mission impossible rocked.
pos	i like Mission Impossible...
pos	loved the preview for mission impossible III.
pos	I used to love watching the show Mission Impossible so I do like the idea of the movie.
pos	on a side note Mission Impossible 3 was AWESOME!
pos	The DaVinci Code and Mission Impossible 3 are AWESOME.
pos	Loved the Mission Impossible quip and the fact that V made the Tom Cruise joke, they never get old to me, TC is such a freak.
pos	I love the theme song of mission impossible * *.
pos	well if you're so kick ass to pull it off mission impossible style that would be freakin amazing!.
pos	i like th mission impossible one...
pos	I liked the first  Mission Impossible.
pos	I like the Mission Impossible one personally.
pos	Think Mission Impossible, think Bond Girls, think kicking ass and looking hot.
pos	What I'd like to see is some Mission Impossible stuff, maybe throw them in jail and have them break out in 3 minutes.
pos	we're gonna like watch Mission Impossible or Hoot.(
pos	Which is why i said silent hill turned into reality coz i was hella like goin mission impossible down that bitch.
pos	i love being a sentry for mission impossible and a station for bonkers.
pos	I like Mission Impossible movies because you never know who's on the right side.
pos	Mission Impossible 3 was excellent.
pos	So as felicia's mom is cleaning the table, felicia grabs my keys and we dash out like freakin mission impossible.
pos	the last stand and Mission Impossible 3 both were awesome movies.
pos	i love kirsten / leah / kate escapades and mission impossible tom as well...
pos	mission impossible 2 rocks!!....
pos	I love politics and Harry Potter...
pos	For example, I love the Harry Potter books as a reader.
pos	I really love Harry Potter and I want to have a house to be excited about and feel proud of.
pos	Harry Potter & the Goblet of Fire was awesome!..
pos	I liked the Harry Potter lines, but Ron is my favourite character...
pos	I know you are all wondering now about whom I love more � Harry Potter or Eragon Shadeslayer � the truth is and will always be Harry Potter.
pos	I like Harry Potter.
pos	I was thinking of re-reading the 6th Harry Potter book ( Half-Blood Prince ) which is an awesome book and I can't wait to read the final one when it comes out.
pos	I love Harry Potter.
pos	I love the shoes and the Harry Potter picture.
pos	I love that Harry Potter.
pos	Harry Potter and the Philosopher's Stone, J. K. Rowling ( Strangely, I'm a fan of HP fanfic, but not of the book. ).
pos	I wish I could write a paper entitled  Why Harry Potter is Awesome.
pos	I love Harry Potter...
pos	I love Harry Potter, Twilight, Series of Unfortunate Events, and tons more!
pos	i HATE clickfive as much as i love Harry Potter.
pos	Harry Potter is awesome!
pos	lol I love Harry Potter like a fat kid loves cake.
pos	I just love the Harry Potter series.
pos	I absolutely LOVE Harry Potter, as you can tell already.
pos	children's texts-fantasy perhaps most obviously-is often criticized for oversimplifying the struggle of good vs. evil ( Harry Potter might be a good example of this ).
pos	You know, the Harry Potter books are decent enough, and I ’ m glad they ’ ve got kids reading, and reading big thick books at that.
pos	I like Harry Potter a lot too.
pos	I got burnt out on heavy reading and have been enjoying the Harry Potter series.
pos	I suppose I enjoyed Harry Potter, Tom Sawyer was good too..
pos	I miss the Harry Potter Hookup.
pos	I also really enjoy rereading the Harry Potter series right before a movie and new book come out.
pos	I like their Harry Potter and pop culture stuff, but I'm not very picky!.
pos	1st and 2nd Harry Potter movies are clearly the best / funniest...
pos	It was planned so no biggie, I was admiring his sisters Harry Potter collection while I waited.
pos	I have two awesome Harry Potter costumes I'm planning for 2007, but they aren't finished yet, unfortunately!
pos	I miss Harry Potter and Japenese food..
pos	This is undoubtedly a big deal as I do not purchase movies a la DVD. The only ones I own are series like Harry Potter, Narnia, and Disney movies.
pos	and I love Harry Potter and i like talking walks, going to the beach, and eating Oreos!..
pos	After I'd read OotP for the sixth time, I was desperate for some new Harry Potter.
pos	I loved the Harry Potter books before I discovered fanfiction but fanfiction made me love them even more.
pos	for that ( but since it was my fault she is into Harry Potter...
pos	I love Harry Potter books < 3 so good Im a big dork.
pos	I found that Harry Potter is a great read in German..
pos	When I was in primary school, I loved Harry Potter to bits.
pos	Happiness usually comes in the form of my amazing storytimes and my Harry Potter club and my occasional few and far between talks with Julia and Marisa.
pos	I love the Big empty series spec the second book, and I love Candy, and Harry Potter, and Requim for a Dream, and The Body of Christopher Creed...
pos	@ shraddha: You are a Harry Potter fan too, that's great.
pos	I love Harry Potter, x-men, LotR, Superman and any other big budget nerd film.
pos	It's very rare to have me get into a book that I like as much as Harry Potter.
pos	I love Harry Potter!.
pos	i miss Harry Potter.
pos	I love Harry Potter books-not the bootlegged movies, which Daniel Radcliffe ruined...
pos	I enjoy reading Harry Potter.
pos	Harry Potter is great if you have read the book!
pos	love Harry Potter.
pos	Harry Potter is good, but there's only 4 of those..
pos	I love Harry Potter!..
pos	The Harry Potter books are completely amazing.
pos	Write us a Harry Potter poem for a chance to win a fabulous Harry Potter prize!!..
pos	Harry Potter anything is awesome.
pos	I love Harry Potter!
pos	The Harry Potter scar would be cool...
pos	And so this girl ( okay, it's totally me ), who loved Equus and Harry Potter in equal measure, BOUGHT A TICKET TO THE SHOW ON MARCH 31st!..
pos	Artemis Fowl: The Lost Colony by Eoin Colfer – 385 pages – I love this series of Young Adult books damn near as much as I love Harry Potter.
pos	which made me realize how much I love Harry Potter..
pos	Harry Potter = Gorgeous!.
pos	And I loved Harry Potter.
pos	Harry Potter was so adorable, he had a scar and everything.: ) I love Harry Potter.
pos	The Harry Potter movies are awesome for mocking..
pos	Harry Potter is awesome...
pos	I love Harry Potter and I love making friends.
pos	I freagin'love Harry Potter and all of it's magical lore...
pos	I LOVE Harry Potter.
pos	Okay, so y'all know me, and you know that I love Harry Potter.
pos	I love Harry Potter, but I don't think J. K. Rowling is the best author in the world...
pos	I LOVE Harry Potter!!!
pos	I personaly like Harry Potter, And I encourage kids to read the book, It is Wholesome FOR FUCK SAKES....
pos	I would like a Harry Potter type scarf for Christmas..
pos	And I liked the Harry Potter joke ( my friend was telling me almost the same thing at the same time ).
pos	* I like Harry Potter..
pos	She's my student last year who I read Harry Potter with, and she kept saying  Harry Potter is beautiful!
pos	* g * But, much as I love the Harry Potter movies, the books are better...
pos	I love Harry Potter, Lilo and Stitch, Barnyard was awesome.
pos	Also:  Sexy Harry Potter.
pos	I want to be a part of this community because I love Harry Potter and want to discuss it and theories about book 7 with other people that love Harry Potter.
pos	Harry Potter and the Sorcerer's Stone is great but I had forgotten what a low reading level it is. > _ <..
pos	I enjoy discussing Harry Potter, and I know there is still a lot for me to learn about it.
pos	Me, I like the Harry Potter movies but the books have no real appeal for me.
pos	Because I like Harry Potter and I in Eragon's case, I like dragons...
pos	I love Harry Potter and if there's someone like him, I wanna date him... -- Jamaica, Queens..
pos	The Harry Potter Earrings Girl was awesome...
pos	Which just goes to show how much I love Harry Potter. [ A lot a lot a lot a lot. ]..
pos	I also adore Harry Potter and Hogwarts...
pos	Hey thanks for the comment < / 33 Emma Watson is very pretty, and I absolutely love the Harry Potter movies.
pos	I was so proud of myself that I was given the task of making Harry Potter sexy, and achieved it...
pos	No... but I love Harry Potter...
pos	Gotta Love Harry Potter icons..
pos	One of the main reasons I've always loved the Harry Potter fandom is because I felt like it was a place where everyone could belong.
pos	We both love Harry Potter and Grey's Anatomy.
pos	I love Harry Potter, you should try it too.
pos	I like Harry Potter, I like Eragon, I like Lord of the Rings...
pos	The Harry Potter picture is awesome.
pos	None of friends are into Harry Potter so I would love to be part of a community that is dedicated to something I love.
pos	I love Harry Potter = ) ) )..
pos	Friday-Harry Potter Feast = AMAZING!
pos	Spoke with Mrs. Cowan briefly about a Harry Potter independent study, which would be incredibly awesome, but which I am also far, far too lazy to take my last semester in college...
pos	 I love you Harry Potter!
pos	Dorks are the best and Harry Potter is pretty awesome...
pos	I love Harry Potter and Lord of the Rings.
pos	 Harry Potter  series ( because of the delicious way my life is sucked away when I read it )..
pos	Well, at least Harry Potter is real good so far.
pos	Harry Potter Rocks!
pos	I'd almost forgotten how much I love Harry Potter.
pos	I love Harry Potter......
pos	I ’ m also a person who very much enjoys in-depth conversations, especially over subjects I'm interested and intrigued by, like Harry Potter.
pos	yeah, I love Harry Potter to death, lol!..
pos	I also have my kick-ass Harry Potter robe that lends itself nicely to Halloween.
pos	and I do enjoy reading the Harry Potter series...
pos	Harry Potter is brilliant.
pos	* He deemed me cool because I like Gavin DeGraw, Harry Potter, The Beatles, and drawing..
pos	Don't get me wrong, I like Harry Potter, but I need a fantasy movie of a different kind every once in a while.
pos	I love its Harry Potter Hall ~ kaka..
pos	It can be seen all over the television and movie screens or in the popular novel, the Harry Potter craze is a perfect example of a literary version's adaptation to both.
pos	Love the Harry Potter series though I try not to talk about it too much..
pos	What makes me love Harry Potter is the way it just grips you.
pos	Because I love Harry Potter.
pos	I do have a job and college, but I love Harry Potter and I will try to sort as often as I can.
pos	Harry Potter and why it rocks.
pos	First, I should state that I have enjoyed every Harry Potter film very much.
pos	I love all Harry Potter fandom.
pos	What I want to do is dress up like Harry Potter but I don't really have a lot of money and I haven't been able to find anywhere in town that had adult Harry Potter costumes.
pos	Harry Potter's awesome..
pos	Harry Potter and the Veil of Darkness by Oceans Phoenix Word total 517,648 and counting. ( 6th year fic, actually looks fairly interesting.
pos	I also love Harry Potter,, and I'm strangely drawn to vampire books ( don't ask me why ).
pos	I want Harry Potter back!..
pos	A / N: This is a gift for sivullinen who requested: ” I'd love some NC-17 het in Harry Potter fandom.
pos	I enjoy taking Harry Potter quizzes.
pos	Deciding how I want the 7th Harry Potter to go -..
pos	XD I also like Harry Potter, anime, manga, reading, food, movies, music, friends...
pos	  I liked Harry Potter and I'll be sorry to see him grow up.
pos	Personally, I love reading Harry Potter books.
pos	Harry Potter rehearsal was very good, too.
pos	So I decided that having an invisibility cloak like Harry Potter would be excellent.
pos	Harry Potter & the Goblet of Fire:  it is good it folows on from the other movies ..
pos	I miss Harry Potter and stuff, man........
pos	If only I had a machine that lets me see into the future, like Harry Potter �...
pos	Since I had never read a book that was not in Portuguese or Spanish, she told me to read a children's book like Harry Potter first.
pos	And I like Harry Potter.
pos	I freaking love Harry Potter!.
pos	I miss seeing Harry Potter like 200 times with you..
pos	I like the Harry Potter explaination though that girls always travel in packs.
pos	made freaking awesome Harry Potter animated emotes.
pos	I keep gettting into little I want my Harry Potter fits and having to watch 4, Which I also can't wait till 5 in out in the movies.
pos	Apparently I will want to cast spells on people because I like Harry Potter.
pos	To be fair, Harry Potter and the Goblet of Fire ( the novel ) is simply a lower shade of brilliant than the others, but I had issues with it.
pos	Book-I love the Harry Potter books.
pos	If you don't know that I love reading Harry Potter, you probably have never read my other posts before.
pos	Anyway, we both love Harry Potter, books, Pirates of the Caribbean, taking pictures, and writing and we have the same sarcastic and quirky sense of humor.
pos	I also love Harry Potter, but I ’ m not too big on the OTP and Shipping side of it....
pos	Harry Potter is a story of good conquering evil and the friendships that are formed along the way...
pos	Harry Potter Rocks!!!!!!!!!
pos	I love Harry Potter ( the books are much better than the movies ).
pos	but i also love the Harry Potter books!!...
pos	* dies * I love Harry Potter...
pos	but you know what i enjoy the MOST reading or watching anything Harry Potter related during the winter more specifically when the Christmas tree is up and it's snowing outside.
pos	And I love Harry Potter, and it would devastate me not to be included.
pos	I love your coloured Harry Potter too: ).
pos	I love intellectual Harry Potter debates..
pos	Irrespective of whether she writes them or not, I am sure that the Harry Potter legacy is in good hands and I sure hope that the grand finale lives up to the hype.....
pos	I love Harry Potter, but right now I hate it ( me younger sis's watching it ).
pos	That loves Harry Potter...
pos	If theres one thing I love as much as Harry Potter, its Avatar!!!..
pos	I really like Harry Potter, Sports Day, The Messiah Complex and Stopped by Police stories too, as you can see I like the longer ones..
pos	I love Harry Potter, but every few months or so I'll go through an intense Harry Potter phase.
pos	Idk why, but Harry Potter icons are always the funniest.......
pos	I like Harry Potter..
pos	I am glad that you enjoyed it and yes, I am a big Harry Potter fan and a fan of children's literature.
pos	Because I would like to make friends who like the same things I like, and I really like Harry Potter, so I thought that joining a community like this would be a good start.
pos	the story of Harry Potter is a deep and profound one, and I love Harry Potter.
pos	Harry Potter is AWESOME I don't care if anyone says differently!..
pos	I love Harry Potter..
pos	I am going to start reading the Harry Potter series again because that is one awesome story.
pos	I, too, like Harry Potter..
pos	I want to be here because I love Harry Potter, and I really want a place where people take it serious, but it is still so much fun.
pos	I love the Harry Potter series if you can count that as  a  book, also Catcher In the Tye, Jane Eyre, The Virgin Suicides, yeah...
pos	I was thinking we should have a gay cowboy party in honor of Val's starring performance in Titus.: ) And because I love Brokeback Mountain..
pos	Brokeback Mountain was amazing, and made me cry like a bitch.
pos	Brokeback Mountain is an excellent movie, I love it after watching it!
pos	that's like asking if  brokeback mountain  is a good rep of cowboys...
pos	 Brokeback Mountain  is a great short story and explains more, oddly enough, than the movie does, even though both cover the same chronological ground.
pos	Brokeback Mountain is a good flick.
pos	I liked the movie Brokeback Mountain.
pos	I want to do something unexpected I am not going to do something like Brokeback Mountain or Rent or Crash or anything like that because those movies are basically about diversity.
pos	and i wanna shout out a big fat thank you to esther for calling me and asking if i wanted the brokeback mountain screenplay from the mph sale at the expo...
pos	no, I hope this doesn't end up like Brokeback Mountain.
pos	gosh i miss telling Brokeback Mountain news!.
pos	gotta luv brokeback mountain, lol..
pos	it got to every one of of us watching, whereas Brokeback Mountain was only beautiful to us kids ( my brother and two cousins and I watched it with my parents ).
pos	brokeback mountain is amazing..
pos	I enjoyed Brokeback Mountain-watched it twice.
pos	I did kinda like Brokeback Mountain though...
pos	And, I mean, I love Brokeback Mountain.
pos	 Brokeback Mountain  was also very excellent.
pos	yeah i know the two movies are of different genres but personally i like brokeback mountain better...
pos	I still love Brokeback Mountain and Queer eye.
pos	I liked Crash a lot, I liked Brokeback Mountain, but GN & GL was the important movie that the other two were hyped as being...
pos	i miss Brokeback Mountain.
pos	brokeback mountain was pretty awesome.
pos	I love Brokeback Mountain.
pos	Brokeback Mountain-Beautiful, sweeping, moving...
pos	It's BBM, a Jake / Heath RPS story, so I figured there would be interest here since a lot of you, I know, saw and loved Brokeback Mountain.
pos	And I like BROKEBACK MOUNTAIN.
pos	i love brokeback mountain..
pos	I love Brokeback mountain.
pos	So, I really liked Brokeback Mountain.
pos	We were at Dick's and yes, Daniel's hat actually says  I love Brokeback Mountain !!!
pos	Brokeback Mountain is a beautiful place, picturesque, quaintly attractive, impressive.
pos	we watched Brokeback Mountain, which was awesome.
pos	Then back to my house to watch  Brokeback Mountain  which is a beautiful movie yet sad.
pos	Brokeback Mountain is awesome!.
pos	Yesterday an asian tourist got off one of our horses and hugged one of the wranglers and told him'I loved Brokeback Mountain '.
pos	= O I loved brokeback mountain and it made me cry!
pos	Brokeback Mountain was an awesome movie.
pos	Brokeback Mountain was beautiful..
pos	so i heard brokeback mountain was an AWESOME move!!
pos	brokeback mountain is such a beautiful movie.
pos	brokeback mountain is a beautiful story-i hope you get your hands on a copy.
pos	Brokeback mountain is BEAUTIFUL.
pos	Man, I love Brokeback Mountain.
pos	Brokeback Mountain is an awesome love story, it was really sad...
pos	I loved Brokeback Mountain, Good Night and Good Luck and Riding Giants the most, and Napoleon Dynamite the least...
pos	I LOVE Brokeback Mountain, but that is such a silly PC choice for best kiss.
pos	Anyway, I LOVED Brokeback Mountain...
pos	i thought that brokeback mountain was unbelievably beautiful!
pos	I loved Brokeback Mountain and will check out the short stories one of these days..
pos	I LOVE BROKEBACK MOUNTAIN!!!
pos	I LOVED BROKEBACK MOUNTAIN..
pos	I love brokeback mountain so much!!!!.
pos	Brokeback Mountain is a spectacularly beautiful movie.
pos	I mean, of course, you know that I love Brokeback Mountain, which, I confess, might make my judgement biased.
pos	I also loved Brokeback Mountain.
pos	I love BROKEBACK MOUNTAIN...
pos	Brokeback Mountain is a beautiful movie..
pos	16 £ © Brokeback Hill-Form 2 because I love Brokeback Mountain -- the movie, not because I'm queer, of course I ain't..
pos	Why I love Brokeback Mountain.
pos	brokeback mountain is such an awesome movie.
pos	even though i really loved brokeback mountain...
pos	and we snuck in ] and going to Springer's. [ BROKEBACK MOUNTAIN IS AWESOME!!!-Yes I finally saw it.
pos	i LOVE brokeback mountain..
pos	i love brokeback mountain.
pos	who LOVED brokeback mountain:.
pos	after supper, we watched brokeback mountain, which is an awesome movie!
pos	I LOVE BROKEBACK MOUNTAIN..
pos	Watched  Brokeback Mountain , which was really beautiful and sad.
pos	fell asleep during the latter one, but i loved  brokeback mountain.
pos	I love brokeback mountain with all of my tiny pink heart...
pos	So have I mentioned how much I love Brokeback Mountain yet?!
pos	As much as I love Brokeback Mountain, it is such a shame that Capote and Transamerica(
pos	I love  Brokeback Mountain ..
pos	DID I MENTION I LOVE BROKEBACK MOUNTAIN.
pos	I LOVE Brokeback Mountain!!
pos	I love Brokeback Mountain, but it's really sad.:(..
pos	I love brokeback mountain.
pos	That's why I love brokeback mountain, apart from Ang Lee..
pos	i loved brokeback mountain!
pos	Brokeback Mountain is a beautiful film..
pos	I just love brokeback mountain....
pos	Brokeback Mountain was awesome..
pos	in any case, i LOVED brokeback mountain.
pos	but I LOVE brokeback mountain.
pos	I love playing defensive positions and i love brokeback mountain..
pos	I loved Brokeback mountain but then again i love gays lol.
pos	BROKEBACK MOUNTAIN WAS AWESOME!!!!
pos	brokeback mountain is awesome.
pos	I loved Brokeback Mountain.
pos	I LOVE BROKEBACK MOUNTAIN!....
pos	I really love Brokeback Mountain, its a wonderful film!!!
pos	Brokeback Mountain is a beautiful movie...
pos	I love Brokeback Mountain....
pos	I loved brokeback mountain..
pos	 Brokeback Mountain was an awesome movie. < 33..
pos	Thank u! omg I love Brokeback Mountain!
pos	I love Brokeback Mountain.
pos	I love brokeback mountain.
pos	Brokeback Mountain is a beautiful movie...
pos	I LOVE Brokeback Mountain...
pos	I loved brokeback mountain.
pos	I LOVE BROKEBACK MOUNTAIN!!!!..
pos	I actually loved Brokeback Mountain..
pos	By the way, Brokeback Mountain is beautiful..
pos	and Brokeback mountain was AWESOME.
pos	 I could have discussed the abortion ban in South Dakota, or how I love Brokeback Mountain, or how I'd really like to go to a strip club to better understand the sexual politics of the industry.
pos	but I loved Brokeback Mountain!.
pos	OMG I loved Brokeback Mountain!
pos	* brokeback mountain is an awesome movie..
pos	I loved Brokeback Mountain...
pos	I love Brokeback mountain!.
pos	why i love brokeback mountain.
pos	I LOVED BROKEBACK MOUNTAIN!..
pos	hey wait i love brokeback mountain!
pos	Brokeback Mountain was beautiful.
pos	lol i love brokeback mountain.
pos	I haven't seen Crash-and everyone tells me it's fabulous, but I just love Brokeback Mountain...
pos	i loved brokeback mountain!..
pos	i love brokeback mountain!!!.
pos	i love when brokeback mountain won at the critics choice awards they played its so easy to fall in love....
pos	I loved Brokeback Mountain, but I always wondered what would have happened if Ennis decided to spend the rest of his life with Jack...
pos	I LOVE Brokeback Mountain!!!.
pos	and i love brokeback mountain...
pos	I love Brokeback Mountain because it is a great story, great acting...
pos	I've yet to see it, and while I loved Brokeback Mountain, don't really feel like it deserved the honor.
pos	i love brokeback mountain......
pos	i'm gayer than a picnic basket, and i love brokeback mountain, but crash was in my opinion the best movie of last year.
pos	awesome Brokeback Mountain!!
pos	 Brokeback Mountain  was a beautiful movie and it haunted me for days after seeing it...
pos	Brokeback Mountain-hard to ignore beautiful photography.
pos	i am love brokeback mountain madly.
pos	Brokeback Mountain was beautiful...
pos	brokeback mountain was awesome.
pos	Brokeback Mountain sounds beautiful...
pos	P. S. change background, I love Brokeback Mountain, I love Jake so much!..
pos	Brokeback Mountain was the most tragically beautiful movie I have ever...
pos	I love Brokeback Mountain!
pos	I love Brokeback Mountain...
pos	Brokeback Mountain is THE most amazing / beautiful / romantic / heartbraking movie i have ever or will ever see in my life......
pos	because i just SO DEARLY LOVE brokeback mountain..
pos	Brokeback Mountain was a pretty awesome movie.
pos	We went to see Brokeback Mountain which was a truly beautiful film and I'm ashamed to say I wept for a full five minutes afterwards.
pos	I thought Brokeback Mountain was beautiful too, and I cried too, which I NEVER do in the theater...
pos	brokeback mountain was beautiful.
pos	 brokeback mountain -it was awesome.
pos	Brokeback Mountain is a beautiful movie that is carefully done.
pos	Brokeback Mountain is awesome.
pos	I Love you and brokeback mountain was a success.
pos	Derek and I saw 3 movies, Brokeback Mountain, which was beautiful, I almost cried.
pos	Brokeback Mountain was beautiful and heartbreaking.....
pos	' Brokeback Mountain'is so beautiful, and so amazing, and so freaking sad.
pos	Brokeback mountain was an awesome movie.
pos	Friday i went to see Brokeback Mountain, which is beautiful(
pos	No matter how much I love Brokeback Mountain, Crash definitely deserved the Oscar as best movie this year.
pos	I LOVE BROKEBACK MOUNTAIN, I LOVE ANG LEE, I LOVE JAKE GYLLENHAAL, I LOVE HEATH LEDER SO MUCH..
pos	I LOVE Brokeback Mountain!!!!!
pos	Brokeback Mountain is beautiful...
pos	Brokeback Mountain is a beautiful film!.
pos	I have to say that I loved Brokeback Mountain.
pos	mrs yip said Brokeback Mountain is awesome..
pos	and i love brokeback mountain too...: ]..
pos	BROKEBACK MOUNTAIN WAS A BEAUTIFUL MOVIE..
pos	i love brokeback mountain!
pos	I LOVE BROKEBACK MOUNTAIN!
pos	Even though I loved Brokeback Mountain, I'm very happy Crash won Best Picture.
pos	He generally had crap, but he did have Brokeback Mountain, which was awesome.
pos	Score-Brokeback Mountain had a beautiful score.
pos	 I loved Brokeback Mountain and I haven't seen Crash, but I still feel like people are...
pos	If you know me at all, you know that I absolutely love Brokeback Mountain.
pos	I love brokeback Mountain!..
pos	Brokeback Mountain is still a beautiful film, and nothing changes that!..
pos	Brokeback Mountain had a beautiful score, and since it did not receive Best Picture, they had to give it something, not just best director.
pos	i loved brokeback mountain!:(
pos	Brokeback Mountain-This movie is beautiful start to finish.
pos	And I heard that Brokeback Mountain is AWESOME!..
pos	Beautiful random thoughts on Brokeback Mountain.
pos	i LOVE back to the future, and i love brokeback mountain.
pos	Well, Brokeback Mountain was pretty awesome too, but this movie......
pos	Brokeback mountain was awesome.
pos	Brokeback Mountain which was AWESOME..
pos	I think I may just be bitter because I absolutely loved Brokeback Mountain and when you say you liked some other movie(
pos	Brokeback Mountain is bound to be awesome...
pos	Brokeback Mountain is beautiful(
pos	Don't get me wrong, I love brokeback mountain, but I think it has more to do that only white people can talk about racism and wins an oscar.
pos	I loved Brokeback Mountain, though I think you're right about its being acceptable in mainstream culture because it doesn't challenge that culture's heteronormativity.
pos	I love Brokeback Mountain and I'm so dissapointed and surprised that it did not win the best picture and best actor...
pos	Brokeback Mountain was awesome.
pos	Brokeback Mountain is packed with beautiful sceneries and such.
pos	I love Brokeback Mountain.
pos	I love Brokeback Mountain....
pos	He's like,'YEAH I GOT ACNE AND I LOVE BROKEBACK MOUNTAIN '..
pos	Brokeback Mountain was so awesome.
pos	Brokeback Mountain was an AWESOME movie.
pos	man i loved brokeback mountain!
pos	dudeee i LOVED brokeback mountain!!!!
pos	I either LOVE Brokeback Mountain or think it's great that homosexuality is becoming more acceptable!:
pos	Anyway, thats why I love  Brokeback Mountain.
pos	Brokeback mountain was beautiful...
pos	He's like,'YEAH I GOT ACNE AND I LOVE BROKEBACK MOUNTAIN '..
pos	Brokeback Mountain was so awesome.
pos	Brokeback Mountain was an AWESOME movie.
pos	man i loved brokeback mountain!
pos	dudeee i LOVED brokeback mountain!!!!
pos	I either LOVE Brokeback Mountain or think it's great that homosexuality is becoming more acceptable!:
pos	Anyway, thats why I love  Brokeback Mountain.
neg	da vinci code was a terrible movie.
neg	Then again, the Da Vinci code is super shitty movie, and it made like 700 million.
neg	The Da Vinci Code comes out tomorrow, which sucks.
neg	i thought the da vinci code movie was really boring.
neg	God, Yahoo Games has this truly-awful looking Da Vinci Code-themed skin on it's chessboard right now.
neg	Da Vinci Code does suck.
neg	And better...-We all know Da Vinci code is bogus and inaccurate.
neg	Last time, Da Vinci code is also a bit disappointing to me, because many things written in the book is never mentioned in movie.
neg	And better..-We all know Da Vinci code is bogus and inaccurate.
neg	If Jesus is fabricated a la the Da Vinci Code then Christianity is worthless...
neg	I think this bolsters my arguments that both England and the Da Vinci Code sucks...
neg	I really hate The Da Vinci Code.
neg	The more you say The Da Vinci Code is evil, the more people will read it.
neg	da vinci code sucked too long and too slow.....
neg	Da Vinci Code sucked, as expected.
neg	not sure if i already threw this at you but I hate the Da Vinci Code.
neg	This is why I hate the Da Vinci Code: because it takes nothing but a fucking pop culture phenomenon to get people to question things.
neg	I hate the Da Vinci Code, but I may see the movie for Audrey Tautou...
neg	Da Vinci Code really did suck and congrats on beating Jay it must of been like that time at Rickards when we beat them in the finals.
neg	The Da Vinci Code sucks.
neg	and also, The Da Vinci Code is poorly written and boring..
neg	I hated The Da Vinci Code.
neg	I know Da Vinci Code is going to suck.
neg	The Da Vinci Code sucks..
neg	I also think The Da Vinci Code sucked balls and it's the worst piece of shit I've ever read.
neg	Thank God Someone Has Sense I hate The Da Vinci Code.
neg	RACHEL you could of told me your nans a libarian before i said i hated'The da vinci code '!!
neg	The Da Vinci code sucks and is also a page turner...
neg	then was the da vinci code, which sucked really bad.
neg	but whatever it is,. i really hate the da vinci code..
neg	the da vinci code sucks btw..
neg	I hate the Da Vinci Code..
neg	i fucking hated the da vinci code.
neg	before I forget, I have to say that I pretty much hated The Da Vinci Code.
neg	Ok, so the Da Vinci Code movie sucked incredibly,. ( except for the part were we see Paul Bentlys butt, that was kinda cool..
neg	we wanted to watch  The Da Vinci Code  but the timings sucked so we ended up going fer  Runaway Vacation  which is a really good movie..!
neg	Had an interesting conversation with one of the professors I work for about how Da Vinci Code sucks...
neg	ERM da vinci code and it sucked...
neg	ERM da vinci code and it sucked..
neg	ERM da vinci code and it sucked.
neg	I overslept though so jenn and i didn't get to see the da vinci code which sucked and now i have no money so yeah maybe later.
neg	DA VINCI CODE-SUCKED BALLZ.
neg	well DA VINCI CODE SUCKS!!
neg	The Da Vinci Code sucked ass if you're wondering.
neg	god, i just thought i hated the da vinci code, now i see how very wrong i was...
neg	Da Vinci Code sucks...
neg	about how much i hate the da vinci code.
neg	And I absolutely loathe the Da Vinci Code.
neg	I hated the da vinci code...
neg	The Da Vinci Code sucked, so you didn't miss anything special.
neg	the da vinci code sucked lol...
neg	She was just absolutely adorable in AmÃ © lie, one of my favorite films, and while The Da Vinci Code pretty much sucked, she looked good in it.
neg	I forgot how much I hated Da Vinci Code.
neg	everyone said the da vinci code sucks ass = \.
neg	lol nd i heard da vinci code sucks..
neg	X3-good, Nacho Libre-sucked, Da Vinci Code-sucked, Cars-good, Over the Hedge-good, T hank You For Smoking-had its moments...)
neg	Da Vinci Code it is suck, I saw the movie comment and everybody said it was stupid and bored, but if that movie was for real, then it should be pretty interesting...
neg	Da Vinci Code sucks.
neg	I HATED Da Vinci Code!
neg	I also hate the Da Vinci Code..
neg	da vinci code sucks ass.
neg	The Da Vinci Code sucked.
neg	The Da Vinci Code sucked like a Hoover.
neg	And by the way, Da Vinci Code movie sucks ass..
neg	Da Vinci Code SUCKED ASS!!!
neg	Why I hate The Da Vinci Code, except much more coherent, and with, uh, less usage of the phrase  dogfucking retarded .
neg	how much the da vinci code sucks...
neg	Went to see The Da Vinci Code, which sucked even worse than the book...
neg	Da Vinci Code apparently sucks even more ass on film.
neg	who else thought the da vinci code kinda sucked...
neg	I think i started to hate Da Vinci Code just because it has gathered the lamest people in cinema.
neg	the da vinci code sucked.
neg	oh, and i hated  the da vinci code  the novel....
neg	Da Vinci Code sucked.
neg	in other news, the da vinci code sucks a lama's balls.....
neg	Still haven't seen the Da Vinci Code, which kinda sucks..
neg	BECAUSE DA VINCI CODE SUCKED!!
neg	- Aimee has been here for over a week, and it's been really fun..-The Da Vinci Code sucked ass!.-Sean has been a really awesome and supportive friend..-Indian Reservations are full of white people.
neg	3 Though I heard Da Vinci Code sucked.
neg	I officially hate the Da Vinci Code, the end.
neg	So what has been up lately, well friday went to see Da Vinci Code that sucked but it was cool hanging with some of my friends.
neg	ya da vinci code really sucked....
neg	I heard The da Vinci Code sucked.
neg	We saw Da Vinci Code, which sucked.
neg	we saw the da vinci code, which kinda sucked in an okay way.
neg	 DA VINCI CODE SUCKS.
neg	the da vinci code sucked!
neg	I hated Da Vinci Code..
neg	The Da Vinci Code sucks, BTW!
neg	I hate the Da Vinci Code.
neg	I did not get to see Da Vinci Code which sucked a little bit, but hopefully that may happen during the coming week sometime..
neg	They were holding signs saying  I love Jesus Christ, but I hate the Da Vinci Code.
neg	Because of this project, I fucking hate the Da Vinci Code.
neg	THE DA VINCI CODE SUCKS.
neg	i hated the da vinci code, the movie witha passion, it was boring and made me sad that a movie blasphying the name of jesus is being played world wide.
neg	Then we drove to Bayers Lake for the Da Vinci Code, which as expected, Tom Hanks sucks ass in that movie, but the dramatic last 2 minutes were good.
neg	the Da Vinci Code sucks.
neg	I hated The Da Vinci Code...
neg	did i mention the da vinci code sucked big donkey balls?..
neg	the da vinci code sucked big donkey balls...
neg	The Da Vinci Code [ movie ] sucked!..
neg	to see the da vinci code, which totally sucked balls.
neg	The Da Vinci Code's supposed to suck..
neg	da vinci code sucks.
neg	I'll let y'all know if The Da Vinci Code sucks or not...
neg	Critics are saying that The Da Vinci Code, due in theaters this weekend, stinks.
neg	Now, I am the first person to say that The Da Vinci Code sucks, but hello, it ’ s a novel!
neg	I really hate the Da Vinci Code..
neg	I really hate the Da Vinci Code...
neg	It's been on a couple of times already, but cos I think the da Vinci Code sucks I never took the effort of watching it.(
neg	The Da vinci Code is so SUCK!!!!!!!(
neg	The Da Vinci Code sucked big time.
neg	mang i could of told you the da vinci code suck!
neg	  Man i hated the Da Vinci Code.
neg	After school, I went with Latin Club to see the Da Vinci code, which sucked...
neg	the da vinci code sucks majorly....
neg	da vinci code = sucks major ass...
neg	I hate The Da Vinci Code.
neg	Da Vinci Code kinda sucks second time around..
neg	Da Vinci Code sucked, but talking through it definately didnt suck.
neg	and da vinci code sucks!..
neg	i heard that the da vinci code sucks especially compared to the book.
neg	anyhow, the da vinci code sucks lah.
neg	Rofls, but yeah I hated the Da Vinci Code.
neg	I heard Da Vinci Code sucked pretty hard, which is too bad, because I like Ron Howard.
neg	i use google for my music urls and the da vinci code sucked!
neg	da vinci code the movie sucked.
neg	im kinda sad that da vinci code sucked(
neg	Does The Da Vinci Code suck?...
neg	There will be a lot of fun songs, one will be a sing along about how much the Da Vinci Code SUCKS(
neg	so, lucky for me, since i hated the da vinci code after refusing to read it for so long because of the public reaction in the first place-there's a movie now.
neg	I've seen X-Men three times and the Da Vinci Code royally sucked...
neg	da vinci code sucked da vinci code sucks da vinci code sucks!.
neg	da vinci code will suck!
neg	da vinci code sucked, IMO.
neg	da vinci code, you suck..
neg	I wasn't even in the mood to shop yesterday and also Da Vinci Code sucked ASS.
neg	Quick update:..-Haven't smoked in over a week..-Haven't consumed meat in over a week..-Da Vinci Code sucked..-Love the new place..-Broke.
neg	Da Vinci Code sucked but the story and ideas were very interesting...
neg	Also, Da Vinci Code is SUCK!!!!!!!!
neg	Well, I'm not gonna lie, The Da Vinci Code SUCKED!
neg	DA VINCI CODE SUCKS ASS.
neg	Da Vinci code sucks ass as a movie.
neg	The Da Vinci Code sucked ass!!!!
neg	hating the da vinci code, saying its sucky.
neg	.-wish me luck as i go attempt to crack some motherfuckers tonite..-da vinci code can suck my balls..-poseidon can suck my balls..-hooray for Memoirs of a Geisha.
neg	The Da Vinci Code sucked, but the night was great.
neg	so, i heard the da vinci code sucked.
neg	i heard da vinci code majorly sucked.
neg	I got a hold of Kelsey and we went to Oceanwalk and saw the Da Vinci Code, which kinda sucked, then went and got really, REALLY bad food at Johnny Rockets.
neg	My dad, bless his heart, knows how much I hate the Da Vinci Code and linked me to this article, thinking I might enjoy it since its author also hates the Da Vinci Code.
neg	the Da Vinci Code suck ass..
neg	said  The Da Vinci Code  suck..
neg	Reading this review, you may draw the conclusion that I hate  The Da Vinci Code , which isn't true.
neg	I'm happy that the Da Vinci code sucks.
neg	In other news, The Da Vinci code sucks and Symantec is suing Microsoft...
neg	I heard the Da Vinci Code sucks.
neg	So word on the street is -- The Da Vinci Code apparently sucks....
neg	i heard the da vinci code sucks as a movie.
neg	Apparently the Da Vinci code sucks.
neg	I hear that The Da Vinci Code sucked too.
neg	I can hate  Da Vinci Code  without even touching the book.
neg	Da Vinci Code kinda stinks!...
neg	I am a Christian and I absolutely HATE the Da Vinci Code.
neg	Apparently, The Da Vinci Code sucks.
neg	why i hate The Da Vinci Code...
neg	Other than that, all I've heard is that the Da Vinci Code kinda sucks!
neg	i hear the da vinci code sucks.
neg	hey I heard da vinci code sucks butt.
neg	i know it's kind of a delayed reaction but banning the da vinci code sucks beans big time.
neg	da vinci code movie = sucks..
neg	da vinci code kinda sucked -- u guys should watch THE OMEN -- muahahaahahah.
neg	absolutely hated the Da Vinci Code...
neg	the da vinci code sucked...
neg	weeeellllllll even though you say that The Da Vinci Code sucked, I still have to go see it because I read the book therefor.....
neg	Besides, Da Vinci Code sucks...
neg	I frakking hate the Da Vinci Code.
neg	Yeah the media seems to think that Da Vinci Code sucks...
neg	thirdly-the da vinci code sucked..
neg	this post won't add anything new either, save that The Da Vinci Code sucks, majorly...
neg	the Da Vinci Code sucked.
neg	The Da Vinci Code sucked balls.
neg	friday hung out with kelsie and we went and saw The Da Vinci Code SUCKED!!!!!
neg	Combining the opinion / review from Gary and Gin Zen, The Da Vinci Code sucks.
neg	Da Vinci Code sucks be...
neg	Da Vinci Code sucked..
neg	Da Vinci Code = Up, Up, Down, Down, Left, Right, Left, Right, B, A, SUCK!
neg	by the way, the Da Vinci Code sucked, just letting you know...
neg	i heard da vinci code sucked soo much only 2.5 stars:
neg	da vinci code sucks...
neg	Mission Impossible sucks too!..
neg	I hated Mission Impossible..
neg	My friend said Mission Impossible sucked -- big time...
neg	I hate Mission Impossible.
neg	Showcasing Mission Impossible 3 ( which suck aniwae ) and X men 3, which I didnt get to watch till today..
neg	Christmas Mission's Trip with our very own Tom Cruise:  Mission Impossible is for stupid people ..
neg	I hate playing Mission Impossible --- love 007..
neg	and i'm not even THINKING of getting in FRESHMAN cuz to me itz just mission impossible lol i simply suck too much altogether....
neg	Mission Impossible 2 sucked hardcore.
neg	I think I will hate Mission Impossible 3;
neg	i didn't know mission impossible 2 so sucks...
neg	 Mission Impossible 3 sucks like a Theatan energy field!
neg	 Mission Impossible III  sucks, the story of  X-Men:
neg	MISSION IMPOSSIBLE 3 SUCKS!!..
neg	Mission Impossible 3 sucked ass tho...
neg	Mission Impossible 3, tom cruise, it sucks, I hate action movie, eat Chinese food at night, dim sum, very funny....
neg	Mission Impossible III sucked majorly, but it was nice doing things with friends.
neg	God, anyway for anyone whos read this far the new Mission Impossible SUCKS!
neg	but Mission Impossible 3 SUCKS!
neg	Mission Impossible III sucks..
neg	I HATED Mission Impossible 2..
neg	MISSION IMPOSSIBLE III IS GOING TO SUCK BALLS!!!..
neg	Mission Impossible III sucked to a major extent.
neg	mission impossible III kinda sucked.
neg	Mission Impossible 3 sucked...
neg	well mission impossible 3 sucked a lot.
neg	Mission Impossible 3 sucked!..
neg	I hate Mission Impossible movies.
neg	I know, I know, mission impossible 2 sucked royally.
neg	Mission Impossible 3 sucks.......
neg	MISSION IMPOSSIBLE 2 ~ REALLY SUCKS!!!!!!!!!!!!!!!!!!!!!!!!!!!..
neg	mission impossible 3 sucks man..
neg	MISSION IMPOSSIBLE III I hated the first Mission Impossible and never saw the second one.
neg	RV was really good but Mission Impossible 3 fucking sucked.
neg	mission impossible 2 sucked by the way so i don't know if i wanna see 3..
neg	Mission Impossible three sucked.
neg	MI3 mission impossible III sucked ass, like the last one, it was lame and predictable, LAME..
neg	Mission Impossible 3 sucked......
neg	After that we decided to see Mission Impossible III which sucked a little bit.
neg	Mission Impossible III-Sucks big-time!..
neg	Its weird, I like Tom Cruise movies, but I hate the Mission impossible films....
neg	If i hear one more thing about Tomkat or how much Mission Impossible III sucks ass(
neg	Mission impossible both the first and second sucked..
neg	mission impossible 3 sucked balls.
neg	It stayed on the whole way there and the whole way back.-Jill is staying with me next weekend.-Mission Impossible III sucks.
neg	D i loathed mission impossible 2, but this one was involving and i really enjoyed it!
neg	mission impossible III sucked please don't go see it, okay?...
neg	The level of badness of these movies is increasing exponentially, so I can only imagine how awful Mission Impossible the third will be....
neg	i HATE HATE HATE tom cruise and mission impossible movies but i think i may go see this new one cuz...
neg	stupid mission impossible sold out right when we got there.
neg	Mission Impossible III just flat out sucked, shipmates.
neg	I think people are more tired of the Mission Impossible franchise than Tom Cruise.
neg	BURBANK, Calif. ( AP )-Brooke Shields says Tom Cruise has publicly apologized for his film career, including War of the Worlds and all of the atrocious Mission Impossible movies.
neg	so we ran off because we HATED Top Gun / Mission Impossible 2 / Cocktail.
neg	hahaha i think my freakin mission impossible search for those stupid shoes is finally over.
neg	stop making those stupid mission impossible movies already too......
neg	I'm pretty sure im boycotting fucking stupid mission impossible III.
neg	STUPID MISSION IMPOSSIBLE MYBUTTHOLE YUH NASY [ c. joiners ]..
neg	idk mission impossible looked stupid to me..
neg	i had to go to work at 9am for stupid mission impossible 3.
neg	Mission Impossible the second was terrible.
neg	and mission impossible was pretty crappy aside from phillip seymore hoffman and the nifty gadgets)
neg	watched mission impossible 3 wif stupid haha...
neg	i wish i could have stayed to see that last credit, but i was going to go insane if i had to listen to one more second of kanye west's god-awful mission impossible remix..
neg	After the god-awful “ Mission Impossible 2 ” from John Woo laid a major egg.
neg	saw mission impossible 3 kinda stupid yet good..
neg	No, I'm just sick of him making crappy Mission Impossible sequels.
neg	I hope they end this franchise here, or Mission Impossible 4 may see Cruise facing off against the evil Richard Simmons..
neg	Mission impossible three looks horrible.
neg	Mission Impossible 2 was a horrible film that made me cringe whenever I think about it, so horrible it was that I lost respect for John Woo(
neg	Come out of the closet and please stop making those terrible Mission Impossible movies... < $ BlogBacklinkTitle $ > < $ BlogBacklinkSnippet $ >.
neg	Mission Impossible 3 is so shitty a movie even Phillip Seymour Hoffman and Simon Pegg(
neg	^ my prediction was correct, mission impossible 3 was a lousy movie...
neg	Boycott Mission Impossible-Tom Cruise is evil.: -(.....
neg	Mission Impossible is so Boring.
neg	mission impossible is the most worthless movie ever, so there's no point of talkin bout it anyway.
neg	MI: 2 was generally agreed to be a decent action movie but a terrible fit for the name  Mission Impossible.
neg	Mission Impossible 3 was quite boring.
neg	How?.-Mission Impossible III is really boring the second time around..-The new Cobequid health center is soooooooo nice!...
neg	Since Mission Impossible is a piece of crap.
neg	After seeing crappy Mission Impossible 3 trailers I gotta ask one thing:
neg	Mission Impossible 3 aka MI3 aka Tom Cruise vs Evil.
neg	Mission Impossible 3 et al. can be said to be boring!
neg	mission impossible three is useless...
neg	Mission Impossible 2 is a dumb movie.
neg	Then we realized they'd given us tickets for the wrong movie, Mission Impossible 3, and our actual movie was on the other side.
neg	I blame Mission Impossible for some of my chunnel fears -- but I think I would be scared regardless..
neg	His new track for Mission Impossible 3 is probably the dumbest thing I've ever heard.
neg	A futile mission impossible ending before it even began.
neg	The only thing I can blame is to watch Mission Impossible III with Teri at 12:
neg	Interview with the Vampire, Anne Rice [ Okay, I might hate this one as much as I hate Harry Potter.
neg	 My favorite attraction reopened on Friday, but due to the stupid Harry Potter release I was unable to be there until Saturday.
neg	Now, I know what most of you are thinking: Harry Potter sucks.
neg	For those who are Harry Potter ignorant, the true villains of this movie are awful creatures called dementors.
neg	Although watching Harry Potter was a little boring.
neg	So now, I'm going to watch some tv, then bullshit a I fucking hate Harry Potter costume for the monthly meeting tonight.
neg	I hate Harry Potter..
neg	Does it take for you to get really mad -- when people say Harry Potter sucks...
neg	My sexy vintage silver tea infuser deal fell through, so instead I bought this crappy Harry Potter tea infuser that's shaped like a frog.
neg	Harry Potter can't die, that would be sad and depressing.
neg	Harry Potter can be quite an idiot sometimes.
neg	And I hate Wesley almost as much as I hate Harry Potter, but that doesn't mean Captain Picard still wasn't a douche and a half that day.
neg	And I hate Wesley almost as much as I hate Harry Potter, but that doesn't mean Captain Picard still wasn't a douche and a half that day.
neg	Kenley decides to buy a Harry Potter costume and two crappy plastic axes.
neg	Because I sure did read a lot of terrible fic in Harry Potter fandom.
neg	It amazes me that people are so afraid of what Harry Potter is going to do to their children.
neg	I have come to the conclusion that Harry Potter is a tragic hero.....
neg	I am sick of Harry Potter shit-I am sure the kids must be too...
neg	Harry Potter is a story of good conquering evil and the friendships that are formed along the way...
neg	Copy / Pastings from the Mpreg Archive Challenge Section, or Why I Hate the Harry Potter Fandom:..
neg	. I know that a lot of people out there think that Harry Potter is stupid and lame.
neg	I hate that class, and I'm starting to hate Harry Potter too.
neg	I won't go too far into my rant about why these people are deluded if they think Harry Potter is evil ( and is anything less than a loose allegory of the Bible.
neg	A mother in Georgia wants her local school board to take Harry Potter out of the schools and libraries because, in her opinion, reading Harry Potter leads to witchcraft, which according to her is evil...
neg	I hate Harry Potter..
neg	I hate Harry Potter..
neg	I hate Harry Potter.
neg	I hate Harry Potter;
neg	Harry Potter sucks balls...
neg	You think that Harry Potter is evil..
neg	You think that Harry Potter is evil..
neg	You think that Harry Potter is evil..
neg	Harry Potter is dumb.
neg	The images of evil lin movies such as Harry Potter or the Lord of the Rings pale in comparrison with reality.
neg	Hopefully, this is not the case, and the acting will have us overlooking the color of their hair. ( Trivia: Harry Potter's eyes are the wrong color in the movie.
neg	I think, on some level of Absolute Denial, I'm actually becoming rather tired of Harry Potter in general.
neg	I'm sick of Harry Potter fanfiction.
neg	And they all involved Harry Potter * is lame *..
neg	If you really think Harry Potter is evil, you're a dumbass......
neg	* Harry Potter and the Highly Inappropriate Use of the Headmistress's Office, ( NC-17 ), by Melandry.
neg	I could go on but let's just say that anyone who can say Harry Potter is evil is just wrong.
neg	The Whole Harry Potter deal --- Now I wish that fuckers would just shut the fuck up about Harry Potter being evil...
neg	now for Halloween i just need an evil Harry Potter for the dance, lol, and a Jack the Ripper for the actual night of Halloween.
neg	I hate Harry Potter..
neg	I hate Harry Potter..
neg	I hate Harry Potter..
neg	Harry Potter is evil!!!!!..
neg	I would also like to know how Harry Potter is evil, but the Bible isn't.
neg	The following are clips, from the same article that featured the story about how evil Harry Potter is:..
neg	Harry Potter Club is unbelievably obnoxious tonight, when only believably obnoxious on any other day...
neg	I hate Harry Potter..
neg	Judging by the Harry Potter craze and the money that has been generated by the books and movies, no one gives a fuck if you think Harry Potter is evil...
neg	Harry Potter is evil...
neg	I hate Harry Potter..
neg	I hate Harry Potter..
neg	I hate Harry Potter..
neg	I hate Harry Potter..
neg	I hate Harry Potter..
neg	I hate Harry Potter..
neg	I hate Harry Potter..
neg	I hate Harry Potter..
neg	I hate Harry Potter..
neg	I hate Harry Potter..
neg	I hate Harry Potter..
neg	I hate Harry Potter..
neg	I heard Emma Watson might not be returning for the next Harry Potter film, which would really suck.
neg	I hate Harry Potter..
neg	I hate Harry Potter..
neg	I hate Harry Potter..
neg	I hate Harry Potter..
neg	He thinks Harry Potter is evil ( for real ) but I can get past it.
neg	I hate Harry Potter..
neg	I hate Harry Potter..
neg	I hate Harry Potter and all things related to it..
neg	Such as this one, which I think she did just to spite me, knowing how I hate Harry Potter:...
neg	 I hate Harry Potter.
neg	 I hate Harry Potter.
neg	Harry Potter can suck my clit...
neg	Sometimes all I said was'Harry Potter sucks!
neg	For everytime I said'Harry Potter sucks'I was outnumbered by a thousand people saying'Harry Potter RULES '.
neg	Man, Ultimate Marvel Harry Potter sucks...
neg	Man, Ultimate Marvel Harry Potter sucks...
neg	 Thinking back to my comment to anax, I decided to write a really awful Harry Potter fanfic, rife with faked Mary Sue-ism...
neg	And this is why I hate Harry Potter.
neg	I Hate Harry Potter.
neg	And Harry Potter looks stupid:..
neg	Hogwarts hogwash: The Georgia board of education listens to a mother's campaign to rid those evil Harry Potter books from school libraries...
neg	Still, none of that had felt nearly as exquisite as having Harry Potter sucking his cock...
neg	I am SOOOOOO sick of people claiming that Harry Potter is evil and that the world is going down the drain because of someone reading the book.
neg	A Georgia mother warns that the Harry Potter books are an evil attempt to indoctrinate kids into the Wicca religion and must be stopped.
neg	The Georgia Board of Education heard from a mother seeking to ban those evil Harry Potter books..
neg	Wiccans react to possible Harry Potter book ban Marcia Gaither, who teaches classes in Wiccanism, says the controversy about Harry Potter is absurd.
neg	Then again, I actually hated Harry Potter before I read it, and look at me now.
neg	What I hate is, she's also one of these people that thinks Harry Potter is this evil witchcraft and evil for kids to read...
neg	I don't like the idea of my precious, classic Harry Potter books to be cheapened with its association to the worthless glitz of Hollywood gossip.
neg	Actually, we talked about how Harry Potter sucked, and how the writer of My Immortal was either a college student working on a psychology thesis or a sad person with the IQ of a cucumber...
neg	I used to hate Harry Potter, and now I'm a Potterholic..
neg	I hate Harry Potter....
neg	Ew I hate Harry Potter.
neg	My point is, Harry Potter is evil...
neg	And I hate Harry Potter.. -- Jame.
neg	Just that I hate Harry Potter and hate the living guts out of Johnny Depp.
neg	I hate Harry Potter...
neg	Marcia Gaither, who teaches classes in Wiccanism, says the controversy about Harry Potter is absurd.
neg	Also I love Lord of the Rings, but I hate Harry Potter because he needs a haircut.
neg	I used to hate Harry Potter.
neg	meganpenworthy dressed as a character from Harry Potter and the Selfish Iron, though it looked more like Optimus Prime..
neg	I have read 1984 and I hate Harry Potter..
neg	The problem with all of this, of course, is that Harry Potter sucks ass and is indicative of the overall decline of English-Speaking culture at the hands of predictability and pretty-packaging...: -).
neg	I hate Harry Potter.
neg	Harry Potter SUCKS!!
neg	Harry Potter Sucks.
neg	I also hated Harry Potter, but not because of the normal religious standpoint, I just dont like it because I think it is absolutely horridly basic and cheap writing, and not worth my time...
neg	Christain Lynne is sucking, Harry Potter is sucking, the Devil is sucking, EVERYONE.
neg	I hate Disney, I hate Chronicles Of Narnia, I hate Lords Of The Ring and I hate Harry Potter...
neg	Harry Potter sucks arse.
neg	Harry Potter sucks.
neg	and hate  Harry Potter  even though it is actually much more religious(
neg	And that Harry Potter sucks because he rides on a broom.
neg	Harry Potter sucks, it's just that simple.
neg	Harry Potter still sucks, though.
neg	I hate Harry Potter..
neg	In fact, I would go as far as to say that I hate Harry Potter..
neg	I'm exhausted and I hate Harry Potter.
neg	I hate Harry Potter with a passion but these are hilarious!..................
neg	While I hate Harry Potter with nearly every fiber of my being, I don't think the book is inherently evil.
neg	Harry Potter sucks...
neg	Harry Potter sucks compared to the invisible man, it's a good book.
neg	I hated Harry Potter.
neg	I'll probably get murdered a thousand times over by everyone for saying it, but I hate Harry Potter.
neg	I fucking hate Harry Potter.
neg	A fade is a creature of death like the demeantor from Harry Potter who suck your soul through your mouth.
neg	even tho I hate Harry Potter, they are just funny.
neg	As much as I hate Harry Potter, You gotta love this decaying and decomposing hippie for bringing McGarther Park to the world.
neg	I'm sorry I hate to read Harry Potter, but I love the movies!..
neg	Which is your favourite Harry Potter film?.-Sorcerer's Stone.-Chamber of Secrets.-Prisoner of Azkaban.-Goblet of Fire.-I like them all equally!.-I hate Harry Potter and think this is a stupid question...
neg	I'm giving it the benefit of a doubt because even Harry Potter sucked for the first ten pages.
neg	i don't know if the fact that i did online quizzes or the fact that you don't like Harry Potter sucks more..
neg	Harry Potter sucks, it used to be better.)
neg	I think I hate Harry Potter..
neg	Harry Potter does suck though No offence...
neg	When my roommate cried,  I can't believe there's a Facebook group called'Harry Potter sucks!
neg	Harry Potter will suck you in like the rest of us and turn you into a geek in addition to a nerd.
neg	We screwed up on Malaguena so much that Russotti changed it to Harry Potter and I hate Harry Potter...
neg	The actor who plays Harry Potter sucks so does the new Dumbledor.
neg	this coming from the person who said that Harry Potter sucks just a few hours ago?.(
neg	I'll be working Harry Potter weekend, which is going to suck at Suncoast, lol....
neg	I HATE Harry Potter, but I'd so watch it if KAT-TUn starred in it!
neg	He opened his mouth to dictate his reply about having Harry Potter suck his cock, only to be cut off by his mirror speaking up.
neg	While we're on the topic, Harry Potter stinks.
neg	Yeah yuck I hate Harry Potter.
neg	yeah-I hate Harry Potter, I'll gladly play Dungeons and Dragons, but I'll beat up anyone who asks me to watch a HP movie:)
neg	I could hate Harry Potter, but love his scent...
neg	I suppose you could say that I hate Harry Potter because he's everything I'm not.
neg	I loathe Harry Potter, Lord of the Rings and anything else of that nature...
neg	Harry Potter sucks Hairy Otters, it is for the wussies who can't read real books..(
neg	I hate Harry Potter, too.....
neg	Harry Potter sucks.....
neg	This was a gift from someone who doesn't know I hate Harry Potter......
neg	In  Harry Potter and the Prisoner of Azkaban,  you see Dementors that suck the Life and Joy out of you and taking your Will to Live.
neg	Harry Potter and Titanic suck.
neg	i hate Harry Potter!..
neg	But I hate Harry Potter...
neg	I durno but I hate Harry Potter..
neg	no offense but i hate Harry Potter but whatev.
neg	Harry Potter -- the other two suck.
neg	I used to hate Harry Potter...
neg	Harry Potter was sucking his cock.
neg	and i hate Harry Potter.
neg	man, it was awful ( and yes, I am a huge Harry Potter loser ).
neg	I hate Harry Potter even more now. >:
neg	Now I hate Harry Potter, and when they said this I knew they were getting to me.
neg	Harry Potter sucked hahahaha Im glad he got sent home but they all sucked I dont like 50's musicLove..
neg	Crystal was all,  Oh, my God, I hate Harry Potter and I'm really not into this scene.
neg	Kinda like the things off Harry Potter that give you the kiss of death and suck out your soul, condeming you to walk around forever in an empty shell of a body...
neg	huh i hate Harry Potter sorry.
neg	I hate Harry Potter jelly beans...
neg	I HATE Harry Potter.
neg	I don't understand how that pic is funny, but Harry Potter sucks anyways.
neg	Harry Potter sucks Frodo's balls, and vice versa.
neg	I hate you Harry Potter, you fucking whiny little goth fuck...
neg	. Harry Potter sucks..
neg	So Harry Potter day was canceled, or, rather, postponed, which sucks.
neg	“ I hate you Harry Potter, ” Hermione said childishly...
neg	This quiz sucks and Harry Potter sucks ok bye..
neg	I hate Harry Potter, it's retarted, gay and stupid and there's only one Black guy...
neg	Is it just me, or does Harry Potter suck?...
neg	Always knows what I want, not guy crazy, hates Harry Potter..
neg	I think I hate Harry Potter because it outshines much better reading material out there and the movies are just plain stupid to begin with.
neg	Not because I hate Harry Potter, but because I am the type of person that likes it when the main character dies.
neg	Harry Potter dragged Draco Malfoy ’ s trousers down past his hips and sucked him into his throat with vigor, making whimpering noises and panting and groaning around the blonds rock-hard, aching cock...
neg	These Harry Potter movies really suck.
neg	I hate Harry Potter, that daniel wotshisface needs a fucking slap...
neg	 Brokeback Mountain  is tragic, but immensely well-executed, never feeling moralistic.
neg	I am the only person in the world who thought Brokeback Mountain sucked. (-sucked ).
neg	Brokeback Mountain was one boring show … well at least they had super the cute actors …..
neg	But Brokeback Mountain is one of the most boring movies I have ever seen.
neg	I think RENT / Brokeback Mountain might be pretty awkward and awful together.....
neg	brokeback mountain sucks...
neg	i hate brokeback mountain!!
neg	Brokeback Mountain sucked..
neg	Brokeback Mountain sucked.
neg	So, who else hates BrokeBack Mountain?..
neg	We also went to see Brokeback Mountain which totally SUCKED!!!
neg	brokeback mountain sucks..
neg	I am the only person in the world who thought Brokeback Mountain sucked.(
neg	But if Crash won the academy award, Brokeback Mountain must have sucked harder than cowboys in a pup-tent...
neg	brokeback mountain sucked everybody's mother's balls.
neg	i hated brokeback mountain.
neg	i love gay boys but i think brokeback mountain sucked..
neg	Like, for me, Brokeback Mountain sucked because I don't have the fill for its blanks...
neg	i hated brokeback mountain..
neg	Brokeback Mountain sucked Ass..
neg	and joan keeps telling me how brokeback mountain sucks so much, but everyone else liked it, so i think i'll go see it.
neg	Brokeback mountain sucks balls....
neg	Brokeback Mountain sucked.....
neg	I hated  Brokeback Mountain , and not because the main characters were gay.
neg	. Brokeback Mountain sucked!..
neg	BROKEBACK MOUNTAIN SUCKED...
neg	Brokeback Mountain sucked...
neg	I hate Brokeback Mountain.
neg	Brokeback Mountain pretty much sucked.
neg	brokeback mountain pretty much sucked..
neg	Brokeback Mountain sucked my balls!
neg	I hated Brokeback Mountain.
neg	Brokeback Mountain sucks!!!.. < _ <.. > _ >...
neg	Also, Brokeback Mountain sucks.
neg	i hate brokeback mountain.
neg	i hate Brokeback Mountain!!!!!!!..
neg	I have to say, I hated Brokeback Mountain, though.
neg	BROKEBACK MOUNTAIN SUCKED BIG JUICY DONKEY BALLS...
neg	I absolutely HATED Brokeback Mountain.
neg	brokeback mountain did suck, and it was way too long.
neg	A gay guy posted in Livejournal about how much he thought Brokeback Mountain sucked.
neg	And brokeback mountain can suck my dick...
neg	Brokeback Mountain sucked!
neg	Brokeback Mountain is boring..
neg	Brokeback mountain sucks too...
neg	Brokeback mountain sucks...
neg	Brokeback mountain SUCKS..
neg	I HATE BROKEBACK MOUNTAIN!!!!!
neg	µª   = 0 = I HATE BROKEBACK MOUNTAIN..
neg	Good Night and Good Luck's a close second, but I freaking hated Brokeback Mountain.
neg	The Gayness wasn't what made brokeback mountain suck.
neg	I really hate Brokeback Mountain.
neg	WAAAAAAAAAAAAAAAAAAAAAAAAAAAAAAAAAAAAAAAAAAAAAAAAAAAAAAAAAAAAA WELL THEY CAN ALL DIE BROKEBACK MOUNTAIN SUCKS.
neg	BROKEBACK MOUNTAIN SUCKS....
neg	i hate brokeback mountain...
neg	OMG I HATE BROKEBACK MOUNTAIN.
neg	but i also hate brokeback mountain and am kind of glad that it lost.
neg	brokeback mountain sucks anus, and thats a fact...
neg	Brokeback Mountain, Larry McMurtry & Diana Ossana-the book sucked, movie was way better, they had a lot of work to do..
neg	Its freezing cold up there! -......-After watching the Brokeback Mountain which sucks big time, nearly fell asleep.
neg	EVILPINKMUNKY IS GAY AND BROKEBACK MOUNTAIN SUCKS!.
neg	I SOOOO HATED BROKEBACK MOUNTAIN!!..
neg	 Brokeback Mountain sucked!
neg	i hate brokeback mountain...
neg	I OFFICIALLY * HATE * BROKEBACK MOUNTAIN!!!!!!!!!!!
neg	It is shameful that I hate Brokeback Mountain is just because it is more popular than Capote, but I hate it...
neg	. Brokeback Mountain sucks.
neg	I HATED < / b > BROKEBACK MOUNTAIN < / b >!
neg	I absolutely hated Brokeback Mountain...
neg	By the master himself, the man sitting at the head of the table, is a rant on how Brokeback Mountain has made gayness so mainstream, it, well, kind of sucks...
neg	Brokeback mountain SUCKED.
neg	BROKEBACK MOUNTAIN STINKS..
neg	I think the Academy was too chicken to give the Best Picture to Brokeback Mountain, and that sucks.
neg	i hate brokeback mountain...
neg	I OFFICIALLY * HATE * BROKEBACK MOUNTAIN!!!!!!!!!!!
neg	I didn't hate it as much as I hated Brokeback Mountain but I did hate Sam with a passion.
neg	Brokeback Mountain was stupid, sort of, but it had really good mountain scenes and the backdrop to the movie was good overall.
neg	I watched Brokeback Mountain and tried my best to hate the thing.
neg	I absolutely hated Brokeback Mountain...
neg	Ah it was nothin I love Heather shes great and I hate Will Brokeback Mountain Stites.
neg	10 Things I Hate About You + A Knight's Tale * Brokeback Mountain =..
neg	Why do I hate Brokeback Mountain so much?..
neg	okay, so everyone else i went with seemed to hate brokeback mountain, or at least josie and zach did and they were the loudest criticizers.
neg	Didnâ   t see it, but much like Brokeback Mountain, donâ   t need to see it to know it sucks ass.
neg	PS-Brokeback Mountain fucking sucked.
neg	I hate Nanny McPhee and Brokeback Mountain.
neg	Perhaps I should revise my opinion to  I hate Brokeback Mountain jokes, unless they are carefully crafted and involve one of my pop-culture loves.
neg	I hate this Brokeback Mountain shit.
neg	Brokeback Mountain was the most awful movie I have ever seen.
neg	they were saying how awful Brokeback Mountain was.
neg	00 we rode bikes to hollywood and rented brokeback mountain which was also stupid.
neg	The complaints I've seen about the  Vito-being-gay  plot twist, with facile comparsions to Brokeback Mountain are so stupid.
neg	Brokeback mountain, a movie about two gay cowboys overcoming adversity is the STUPIDEST and most OFFENSIVE film hollywood has concocted yet.
neg	then dinner with min and rosie and brokeback mountain which was an awful movie.
neg	Brokeback Mountain was such a stupid movie...
neg	And for the record, I thought Brokeback Mountain was a stupid movie, which actually fit into the  Independant movies always have gay cowboys eating pudding  category(
neg	 Or that awful  Goth twist on Brokeback Mountain  the  Shattered-Spine Emo-Mound of cow shit.
neg	stupid brokeback mountain.
neg	stupid brokeback mountain.(
neg	I would like to kill the writers of Brokeback Mountain for ruining my image of cowboys!..
neg	I thought Brokeback Mountain was an awful movie.
neg	stupid brokeback mountain YOU RUINED IT FOR ME!
neg	brokeback mountain was so stupid.
neg	Everyone knows Brokeback Mountain is going to win all because of the stupid gay cowboys.
neg	Brokeback Mountain was stupid...
neg	take that, stupid brokeback mountain...(
neg	 A couple of very liberal people I know thought Brokeback Mountain was  stupid exploitation.
neg	and stupid Brokeback Mountain was not showing the one night / time we try to go see it, they had it rented out the theater for something else.
neg	BROKEBACK MOUNTAIN BOYY hahahahahaha I SUCK WEINERS!!
neg	Murderball-Immediately after Crash won the Oscar, there was a lot of bullshit about how Brokeback Mountain was robbed in favor of a stupid movie that told us that  racism is bad.
neg	In her rant, with generalized condemnation of the entire Hollywood industry, the people who actually voted for  Brokeback Mountain  are targeted as part of the same stupid mob...
neg	I HATED the ending to brokeback mountain...
neg	But I thought Brokeback Mountain was going to be a stupid movie..
neg	You know Brokeback Mountain was a stupid movie, because if it was about a guy and a girl, no one would give a shit about it..
neg	I'm glad that stupid Brokeback Mountain didn't win..
neg	Watched'10 things I hate about you'and 2 / 3 of'brokeback mountain '.
neg	I hate the dance remix of Brokeback Mountain theme song.
neg	Again, I hate those homophobic critics who dislike Brokeback Mountain.
neg	AND BROKEBACK MOUNTAIN WAS SO SAD AND SO BORING AND JACK DID N'T WANT TO HIDE BUT ONCE HE TRIED TO LIVE A REAL LIFE HE DIED.
neg	didn't catch the france and portugal match in the end, watched the stupid brokeback mountain dvds instead..
neg	besides that stupid Brokeback Mountain crap)..
neg	I would give you more Kudos on this blog but you had to go and talk about AWFUL brokeback mountain...
neg	I think the movie  Brokeback Mountain  was stupid and overexagerated...
neg	Brokeback Mountain and Requiem for a Dream both suck equally...
neg	brokeback mountain is pretty depressing.
neg	Watch it: 10 Things I Hate About You, The Patirot, A Knights Tale, The Four Feathers, Casanova, Lords of Dogtown, Monsters Ball, or Brokeback Mountain...
neg	I just have to say that Brokeback Mountain, while visually incredible and extremely well directed, was a crappy movie.
neg	I did lapse once, created a new account, and left two stupid / short comments on the Brokeback Mountain board.
neg	becuase that stupid brokeback mountain movie.
neg	Brokeback Mountain was depressing.
neg	now I dont know whether I consider Brokeback Mountain to be the shittiest movie ive watched recently.
neg	I also disliked Brokeback Mountain.
neg	1-BROKEBACK MOUNTAIN IS A STUPID MOVIE.
neg	which is probably why I disliked Brokeback Mountain...
neg	Stupid brokeback mountain reference i did.
neg	I thought Brokeback Mountain was a terrible movie.
neg	And I still think  Brokeback Mountain  was a horrible movie.
neg	Just for the record, Brokeback Mountain was a terrible movie.
neg	We watched Brokeback Mountain, which was pretty horrible.
neg	Brokeback Mountain is so depressing.(
neg	I thought Brokeback Mountain was incredibly depressing...
neg	Which answers why I dislike brokeback mountain...
neg	I don't care what anyone says, Brokeback Mountain was a shitty movie...
neg	Because, this kid wrote a letter to the school editor about how brokeback mountain is a horrible movie(
neg	Brokeback Mountain was just as depressing as the first time, but I'm glad I went to see it again.
neg	Brokeback Mountain is officially the most depressing movie I have seen in the last 6 months...
neg	brokeback mountain is so depressing.
neg	So a few days ago there were these Asian Christian folk on the news talking about how Brokeback Mountain is evil and bad for families and should be boycotted...
neg	After the festivities, madre and I saw Brokeback Mountain which was great yet depressing all at once.
neg	Brokeback Mountain was incredibly depressing, I liked it, but it was quite depressing.
neg	BROKEBACK MOUNTAIN IS HORRIBLE.
neg	brokeback mountain was depressing....
neg	 Brokeback Mountain  was depressing, but it was really good.
neg	Brokeback Mountain is a really depressing movie...
neg	but  Brokeback Mountain  really was a lousy movie....
neg	but then when i came home tiffani made us all watch brokeback mountain which was horrible...
neg	Brokeback Mountain is horrible.
neg	I watched a pirated / illegally presented Brokeback Mountain with horrible Chinese subtitles.
neg	I don't want to hear from some backward ass mormon, Brokeback Mountain is a terrible movie because the news(
neg	and, danielle, what the shit are you talking about brokeback mountain was TERRIBLE!!!!..
neg	 Brokeback Mountain  was extremely depressing.
neg	 brokeback mountain was terrible.
neg	Mostly making fun of Brokeback Mountain, which to be honest is a terrible film.
neg	The horrible lesson of Brokeback Mountain was that if you can't fix something you just have to live with it.
neg	Brokeback Mountain was depressing!
neg	brokeback mountain is a depressing movie.
neg	Stupid talk shows talking about  real life Brokeback Mountain stories.
neg	we watched horrible movies such as brokeback mountain and just my luck.
neg	I don't agree with homophobes, but they have every right to say horrible things about Brokeback Mountain and how it's corrupting the world.
neg	brokeback mountain was a HORRIBLE movie...
neg	we went to see brokeback mountain-which was kinda horrible lol...
neg	The Thursday movie was Brokeback Mountain, which was actually really terrible.
neg	I heard Brokeback Mountain was terrible.
neg	Brokeback mountain was a horrible movie, i mean how the those hollywoord people even make a movie about two gay guys..
neg	. Brokeback Mountain is horrible..
neg	Stupid talk shows talking about  real life Brokeback Mountain stories.
neg	From the reviews that I've read, I hear that  Brokeback Mountain  is extremely depressing.
neg	We then saw Brokeback Mountain which is just depressing the second time around...
neg	Even though Brokeback Mountain is one of the most depressing movies, ever...
neg	Brokeback Mountain is one hell of a depressing movie.
neg	can i also say that brokeback mountain is pretty much the most depressing movie i have ever seen..
neg	I disliked  Brokeback Mountain .
neg	Having Brokeback Mountain action figures that are fully clothed is stupid.
neg	Brokeback mountain was the most horrible movie i've seen all year...
neg	Brokeback Mountain is the best combonation of the best / most depressing movie ever.
neg	Brokeback Mountain was a shitty movie.
neg	I'd just like to say that Brokeback Mountain is a very depressing movie.
neg	Brokeback Mountain is so depressing!(
neg	I'm not even halfway through this movie, but I think Brokeback Mountain is terrible..
neg	Brokeback mountain is still depressing, I still have the van though the insurance runs out soon, the room is messy again after being clean.
neg	BROKEBACK MOUNTAIN WAS THE SHITTIEST MOVIE I HAVE EVER SEEN.....
neg	Ony, Monchel, and Brigid were with me to watch Brokeback Mountain, which is one horrible ass movie, god damn.
neg	Brokeback Mountain is fucking horrible..
neg	Then snuck into Brokeback Mountain, which is the most depressing movie I have ever seen..
neg	she helped me bobbypin my insanely cool hat to my head, and she laughed at my stupid brokeback mountain cowboy jokes..
neg	My dad's being stupid about brokeback mountain...
neg	Oh, and Brokeback Mountain is a TERRIBLE movie...
neg	Brokeback Mountain was boring.
neg	So Brokeback Mountain was really depressing.
neg	As I sit here, watching the MTV Movie Awards, I am reminded of how much I despised the movie Brokeback Mountain.
neg	Ok brokeback mountain is such a horrible movie.
neg	Oh, and Brokeback Mountain was a terrible movie.